gfx,cu_num,token,model_dim,inter_dim,expert,topk,act_type,dtype,q_dtype_a,q_dtype_w,q_type,use_g1u1,doweight_stage1,block_m,ksplit,us1,kernelName1,err1,us2,kernelName2,err2,us,run_1stage,xbf16,flat,tflops,bw,_tag
gfx942,80,1,6144,384,128,4,ActivationType.Swiglu,torch.bfloat16,torch.float8_e4m3fnuz,torch.float8_e4m3fnuz,QuantType.per_Token,1,0,16,0,21.59386999999993,impl__flydsl_gfx942__16_16_16_False,80.19%,0.0,,0%,21.59386999999993,0,0,0,0.0,0.0,
gfx942,80,1,6144,384,129,5,ActivationType.Swiglu,torch.bfloat16,torch.float8_e4m3fnuz,torch.float8_e4m3fnuz,QuantType.per_Token,1,0,16,0,23.183079999999883,impl__flydsl_gfx942__16_16_16_False,82.00%,0.0,,0%,23.183079999999883,0,0,0,0.0,0.0,
gfx942,80,2,6144,384,128,4,ActivationType.Swiglu,torch.bfloat16,torch.float8_e4m3fnuz,torch.float8_e4m3fnuz,QuantType.per_Token,1,0,16,0,39.00315000000008,impl__flydsl_gfx942__16_16_16_False,80.48%,0.0,,0%,39.00315000000008,0,0,0,0.0,0.0,
gfx942,80,2,6144,384,129,5,ActivationType.Swiglu,torch.bfloat16,torch.float8_e4m3fnuz,torch.float8_e4m3fnuz,QuantType.per_Token,1,0,16,0,40.01235000000042,impl__flydsl_gfx942__16_16_16_False,82.66%,0.0,,0%,40.01235000000042,0,0,0,0.0,0.0,
gfx942,80,4,6144,384,128,4,ActivationType.Swiglu,torch.bfloat16,torch.float8_e4m3fnuz,torch.float8_e4m3fnuz,QuantType.per_Token,1,0,16,0,56.29481999999998,impl__flydsl_gfx942__16_16_16_False,81.14%,0.0,,0%,56.29481999999998,0,0,0,0.0,0.0,
gfx942,80,4,6144,384,129,5,ActivationType.Swiglu,torch.bfloat16,torch.float8_e4m3fnuz,torch.float8_e4m3fnuz,QuantType.per_Token,1,0,16,0,58.25217021276555,impl__flydsl_gfx942__16_16_16_False,82.30%,0.0,,0%,58.25217021276555,0,0,0,0.0,0.0,
gfx942,80,8,6144,384,128,4,ActivationType.Swiglu,torch.bfloat16,torch.float8_e4m3fnuz,torch.float8_e4m3fnuz,QuantType.per_Token,1,0,16,0,83.95738000000016,impl__flydsl_gfx942__16_16_16_False,81.48%,0.0,,0%,83.95738000000016,0,0,0,0.0,0.0,
gfx942,80,8,6144,384,129,5,ActivationType.Swiglu,torch.bfloat16,torch.float8_e4m3fnuz,torch.float8_e4m3fnuz,QuantType.per_Token,1,0,16,0,97.16061000000009,impl__flydsl_gfx942__16_16_16_False,82.04%,0.0,,0%,97.16061000000009,0,0,0,0.0,0.0,
gfx942,80,16,6144,384,128,4,ActivationType.Swiglu,torch.bfloat16,torch.float8_e4m3fnuz,torch.float8_e4m3fnuz,QuantType.per_Token,1,0,16,0,67.9697,moe_ck2stages_gemm1_256x16x64x256_1x4_MulABScale_v1_Nswizzle0_Quant2_MulRoutedWeight0_swiglu_F8_F8_B16,0.0%,48.4214,moe_ck2stages_gemm2_128x16x128x128_1x2_MulABScaleExpertWeight_v1_Nswizzle0_Quant2_MulRoutedWeight1_F8_F8_B16,2.7%,116.3911,0,0,0,7.78,7786.37,
gfx942,80,16,6144,384,129,5,ActivationType.Swiglu,torch.bfloat16,torch.float8_e4m3fnuz,torch.float8_e4m3fnuz,QuantType.per_Token,1,0,16,0,159.72416091954034,impl__flydsl_gfx942__16_16_16_False,81.71%,0.0,,0%,159.72416091954034,0,0,0,0.0,0.0,
gfx942,80,32,6144,384,128,4,ActivationType.Swiglu,torch.bfloat16,torch.float8_e4m3fnuz,torch.float8_e4m3fnuz,QuantType.per_Token,1,0,16,0,104.434,moe_ck2stages_gemm1_256x16x128x256_1x4_MulABScale_v1_Nswizzle0_Quant2_MulRoutedWeight0_swiglu_F8_F8_B16,0.0%,70.389,moe_ck2stages_gemm2_128x16x128x128_1x2_MulABScaleExpertWeight_v1_Nswizzle0_Quant2_MulRoutedWeight1_F8_F8_B16,2.7%,174.823,0,0,0,10.36,5185.58,
gfx942,80,32,6144,384,129,5,ActivationType.Swiglu,torch.bfloat16,torch.float8_e4m3fnuz,torch.float8_e4m3fnuz,QuantType.per_Token,1,0,16,0,128.7966,moe_ck2stages_gemm1_256x16x128x256_1x4_MulABScale_v1_Nswizzle0_Quant2_MulRoutedWeight0_swiglu_F8_F8_B16,0.0%,85.1995,moe_ck2stages_gemm2_128x16x128x128_1x2_MulABScaleExpertWeight_v1_Nswizzle0_Quant2_MulRoutedWeight1_F8_F8_B16,3.5%,213.9961,0,0,0,10.58,4269.41,
gfx942,80,64,6144,384,128,4,ActivationType.Swiglu,torch.bfloat16,torch.float8_e4m3fnuz,torch.float8_e4m3fnuz,QuantType.per_Token,1,0,16,0,162.5309,moe_ck2stages_gemm1_256x16x64x256_1x4_MulABScale_v1_Nswizzle0_Quant2_MulRoutedWeight0_swiglu_F8_F8_B16,0.0%,102.3571,moe_ck2stages_gemm2_128x16x128x128_1x2_MulABScaleExpertWeight_v1_Nswizzle0_Quant2_MulRoutedWeight1_F8_F8_B16,2.8%,264.888,0,0,0,13.68,3424.65,
gfx942,80,64,6144,384,129,5,ActivationType.Swiglu,torch.bfloat16,torch.float8_e4m3fnuz,torch.float8_e4m3fnuz,QuantType.per_Token,1,0,16,0,162.2459,moe_ck2stages_gemm1_256x16x64x256_1x4_MulABScale_v1_Nswizzle0_Quant2_MulRoutedWeight0_swiglu_F8_F8_B16,0.0%,110.7721,moe_ck2stages_gemm2_128x16x128x128_1x2_MulABScaleExpertWeight_v1_Nswizzle0_Quant2_MulRoutedWeight1_F8_F8_B16,3.3%,273.018,0,0,0,16.59,3348.6,
gfx942,80,128,6144,384,128,4,ActivationType.Swiglu,torch.bfloat16,torch.float8_e4m3fnuz,torch.float8_e4m3fnuz,QuantType.per_Token,1,0,16,0,173.5168,moe_ck2stages_gemm1_256x16x64x256_1x4_MulABScale_v1_Nswizzle0_Quant2_MulRoutedWeight0_swiglu_F8_F8_B16,0.0%,126.9668,moe_ck2stages_gemm2_128x16x128x128_1x2_MulABScaleExpertWeight_v1_Nswizzle0_Quant2_MulRoutedWeight1_F8_F8_B16,2.9%,300.4836,0,0,0,24.12,3022.89,
gfx942,80,128,6144,384,129,5,ActivationType.Swiglu,torch.bfloat16,torch.float8_e4m3fnuz,torch.float8_e4m3fnuz,QuantType.per_Token,1,0,16,0,186.0865,moe_ck2stages_gemm1_256x16x128x256_1x4_MulABScale_v1_Nswizzle0_Quant2_MulRoutedWeight0_swiglu_F8_F8_B16,0.0%,131.3944,moe_ck2stages_gemm2_128x16x128x128_1x2_MulABScaleExpertWeight_v1_Nswizzle0_Quant2_MulRoutedWeight1_F8_F8_B16,3.3%,317.4809,0,0,0,28.54,2883.34,
gfx942,80,256,6144,384,128,4,ActivationType.Swiglu,torch.bfloat16,torch.float8_e4m3fnuz,torch.float8_e4m3fnuz,QuantType.per_Token,1,0,16,0,173.119,moe_ck2stages_gemm1_256x16x128x256_1x4_MulABScale_v1_Nswizzle0_Quant2_MulRoutedWeight0_swiglu_F8_F8_B16,0.0%,141.7392,moe_ck2stages_gemm2_128x16x128x128_1x2_MulABScaleExpertWeight_v1_Nswizzle0_Quant2_MulRoutedWeight1_F8_F8_B16,2.9%,314.8582,0,0,0,46.04,2892.38,
gfx942,80,256,6144,384,129,5,ActivationType.Swiglu,torch.bfloat16,torch.float8_e4m3fnuz,torch.float8_e4m3fnuz,QuantType.per_Token,1,0,16,0,193.9451,moe_ck2stages_gemm1_256x16x128x256_1x4_MulABScale_v1_Nswizzle0_Quant2_MulRoutedWeight0_swiglu_F8_F8_B16,0.0%,150.1429,moe_ck2stages_gemm2_128x16x128x128_1x2_MulABScaleExpertWeight_v1_Nswizzle0_Quant2_MulRoutedWeight1_F8_F8_B16,3.3%,344.088,0,0,0,52.66,2667.24,
gfx942,80,512,6144,384,128,4,ActivationType.Swiglu,torch.bfloat16,torch.float8_e4m3fnuz,torch.float8_e4m3fnuz,QuantType.per_Token,1,0,32,0,212.5643,moe_ck2stages_gemm1_256x32x64x256_1x4_MulABScale_v1_Nswizzle0_Quant2_MulRoutedWeight0_swiglu_F8_F8_B16,0.0%,166.0022,moe_ck2stages_gemm2_256x32x64x128_1x4_MulABScaleExpertWeight_v1_Nswizzle0_Quant2_MulRoutedWeight1_F8_F8_B16,2.9%,378.5665,0,0,0,76.58,2418.09,
gfx942,80,512,6144,384,129,5,ActivationType.Swiglu,torch.bfloat16,torch.float8_e4m3fnuz,torch.float8_e4m3fnuz,QuantType.per_Token,1,0,32,0,215.2818,moe_ck2stages_gemm1_256x32x64x256_1x4_MulABScale_v1_Nswizzle0_Quant2_MulRoutedWeight0_swiglu_F8_F8_B16,0.0%,175.1605,moe_ck2stages_gemm2_256x32x64x128_1x4_MulABScaleExpertWeight_v1_Nswizzle0_Quant2_MulRoutedWeight1_F8_F8_B16,3.3%,390.4423,0,0,0,92.81,2362.67,
gfx942,80,1024,6144,384,128,4,ActivationType.Swiglu,torch.bfloat16,torch.float8_e4m3fnuz,torch.float8_e4m3fnuz,QuantType.per_Token,1,0,64,0,488.96828282828244,impl__flydsl_gfx942__64_256_128_True,5.30%,0.0,,0%,488.96828282828244,0,0,0,0.0,0.0,
gfx942,80,1024,6144,384,129,5,ActivationType.Swiglu,torch.bfloat16,torch.float8_e4m3fnuz,torch.float8_e4m3fnuz,QuantType.per_Token,1,0,64,0,501.0149687500014,impl__flydsl_gfx942__64_256_128_True,5.12%,0.0,,0%,501.0149687500014,0,0,0,0.0,0.0,
gfx942,80,2048,6144,384,128,4,ActivationType.Swiglu,torch.bfloat16,torch.float8_e4m3fnuz,torch.float8_e4m3fnuz,QuantType.per_Token,1,0,64,0,723.7891075268816,impl__flydsl_gfx942__64_256_128_True,4.88%,0.0,,0%,723.7891075268816,0,0,0,0.0,0.0,
gfx942,80,2048,6144,384,129,5,ActivationType.Swiglu,torch.bfloat16,torch.float8_e4m3fnuz,torch.float8_e4m3fnuz,QuantType.per_Token,1,0,64,0,860.677976190475,impl__flydsl_gfx942__64_256_128_True,4.79%,0.0,,0%,860.677976190475,0,0,0,0.0,0.0,
gfx942,80,4096,6144,384,128,4,ActivationType.Swiglu,torch.bfloat16,torch.float8_e4m3fnuz,torch.float8_e4m3fnuz,QuantType.per_Token,1,0,64,0,1074.591291666667,impl__flydsl_gfx942__64_256_128_True,5.29%,0.0,,0%,1074.591291666667,0,0,0,0.0,0.0,
gfx942,80,4096,6144,384,129,5,ActivationType.Swiglu,torch.bfloat16,torch.float8_e4m3fnuz,torch.float8_e4m3fnuz,QuantType.per_Token,1,0,64,0,1276.13740625,impl__flydsl_gfx942__64_256_128_True,5.05%,0.0,,0%,1276.13740625,0,0,0,0.0,0.0,
gfx942,80,8192,6144,384,128,4,ActivationType.Swiglu,torch.bfloat16,torch.float8_e4m3fnuz,torch.float8_e4m3fnuz,QuantType.per_Token,1,0,64,0,1873.070887640449,impl__flydsl_gfx942__64_256_128_True,5.20%,0.0,,0%,1873.070887640449,0,0,0,0.0,0.0,
gfx942,80,8192,6144,384,129,5,ActivationType.Swiglu,torch.bfloat16,torch.float8_e4m3fnuz,torch.float8_e4m3fnuz,QuantType.per_Token,1,0,64,0,2191.0353820224673,impl__flydsl_gfx942__64_256_128_True,5.01%,0.0,,0%,2191.0353820224673,0,0,0,0.0,0.0,
gfx942,80,16384,6144,384,128,4,ActivationType.Swiglu,torch.bfloat16,torch.float8_e4m3fnuz,torch.float8_e4m3fnuz,QuantType.per_Token,1,0,64,0,3435.229464646465,impl__flydsl_gfx942__64_256_128_True,5.30%,0.0,,0%,3435.229464646465,0,0,0,0.0,0.0,
gfx942,80,16384,6144,384,129,5,ActivationType.Swiglu,torch.bfloat16,torch.float8_e4m3fnuz,torch.float8_e4m3fnuz,QuantType.per_Token,1,0,64,0,4128.605310000002,impl__flydsl_gfx942__64_256_128_True,5.01%,0.0,,0%,4128.605310000002,0,0,0,0.0,0.0,
gfx942,80,32768,6144,384,128,4,ActivationType.Swiglu,torch.bfloat16,torch.float8_e4m3fnuz,torch.float8_e4m3fnuz,QuantType.per_Token,1,0,64,0,6474.9687699999895,impl__flydsl_gfx942__64_256_128_True,5.29%,0.0,,0%,6474.9687699999895,0,0,0,0.0,0.0,
gfx942,80,32768,6144,384,129,5,ActivationType.Swiglu,torch.bfloat16,torch.float8_e4m3fnuz,torch.float8_e4m3fnuz,QuantType.per_Token,1,0,64,0,7833.463989898972,impl__flydsl_gfx942__64_256_128_True,5.09%,0.0,,0%,7833.463989898972,0,0,0,0.0,0.0,
gfx942,80,65536,6144,384,128,4,ActivationType.Swiglu,torch.bfloat16,torch.float8_e4m3fnuz,torch.float8_e4m3fnuz,QuantType.per_Token,1,0,64,0,12250.678221052662,impl__flydsl_gfx942__64_256_128_True,5.29%,0.0,,0%,12250.678221052662,0,0,0,0.0,0.0,
gfx942,80,65536,6144,384,129,5,ActivationType.Swiglu,torch.bfloat16,torch.float8_e4m3fnuz,torch.float8_e4m3fnuz,QuantType.per_Token,1,0,64,0,14913.710448979571,impl__flydsl_gfx942__64_256_128_True,5.09%,0.0,,0%,14913.710448979571,0,0,0,0.0,0.0,
gfx942,80,131072,6144,384,128,4,ActivationType.Swiglu,torch.bfloat16,torch.float8_e4m3fnuz,torch.float8_e4m3fnuz,QuantType.per_Token,1,0,64,0,24143.12003157896,impl__flydsl_gfx942__64_256_128_True,5.35%,0.0,,0%,24143.12003157896,0,0,0,0.0,0.0,
gfx942,80,131072,6144,384,129,5,ActivationType.Swiglu,torch.bfloat16,torch.float8_e4m3fnuz,torch.float8_e4m3fnuz,QuantType.per_Token,1,0,64,0,29864.91745918373,impl__flydsl_gfx942__64_256_128_True,5.15%,0.0,,0%,29864.91745918373,0,0,0,0.0,0.0,
